<?xml version="1.0" encoding="UTF-8"?>
<metadata xml:lang="es"><Esri><CreaDate>20180711</CreaDate><CreaTime>16324200</CreaTime><ArcGISFormat>1.0</ArcGISFormat><SyncOnce>TRUE</SyncOnce><DataProperties><lineage><Process ToolSource="c:\program files (x86)\arcgis\desktop10.4\ArcToolbox\Toolboxes\Data Management Tools.tbx\CalculateField" Date="20180710" Time="161537">CalculateField distritos2017snit prue "[cod_dta] + [coddistful]" VB #</Process><Process ToolSource="c:\program files (x86)\arcgis\desktop10.4\ArcToolbox\Toolboxes\Data Management Tools.tbx\CalculateField" Date="20180710" Time="161659">CalculateField distritos2017snit prue "[cod_dta] /10" VB #</Process></lineage></DataProperties></Esri></metadata>
